"시군구별(1)","시군구별(2)",유형별(1),유형별(2),2015,2015
"시군구별(1)","시군구별(2)",유형별(1),유형별(2),상급,일반
"서울","종로구",상급종합,소계,517,1683
"서울","종로구",종합병원,100~299병상,77,372
"서울","종로구",병원,30~99병상,25,96
"서울","중구",종합병원,300~499병상,196,406
"서울","중구",종합병원,100~299병상,37,235
"서울","중구",병원,100병상이상,74,91
"서울","중구",병원,30~99병상,24,28
"서울","용산구",종합병원,500병상이상,134,504
"서울","용산구",병원,100병상이상,52,58
"서울","용산구",병원,30~99병상,23,59
"서울","성동구",상급종합,소계,209,535
"서울","성동구",병원,100병상이상,38,96
"서울","성동구",병원,30~99병상,65,257
"서울","광진구",상급종합,소계,213,568
"서울","광진구",종합병원,100~299병상,65,155
"서울","광진구",병원,100병상이상,12,16
"서울","광진구",병원,30~99병상,24,164
"서울","동대문구",상급종합,소계,150,612
"서울","동대문구",종합병원,300~499병상,79,623
"서울","동대문구",종합병원,100~299병상,69,347
"서울","동대문구",병원,100병상이상,57,449
"서울","동대문구",병원,30~99병상,111,451
"서울","중랑구",종합병원,500병상이상,62,477
"서울","중랑구",종합병원,300~499병상,12,325
"서울","중랑구",병원,100병상이상,10,190
"서울","중랑구",병원,30~99병상,151,548
"서울","성북구",상급종합,소계,136,789
"서울","성북구",병원,100병상이상,57,63
"서울","성북구",병원,30~99병상,61,232
"서울","강북구",종합병원,100~299병상,33,158
"서울","강북구",병원,100병상이상,42,382
"서울","강북구",병원,30~99병상,98,264
"서울","도봉구",종합병원,300~499병상,51,303
"서울","도봉구",병원,100병상이상,14,368
"서울","도봉구",병원,30~99병상,74,216
"서울","노원구",종합병원,500병상이상,205,901
"서울","노원구",종합병원,300~499병상,138,324
"서울","노원구",병원,30~99병상,95,243
"서울","은평구",종합병원,100~299병상,49,140
"서울","은평구",병원,100병상이상,19,348
"서울","은평구",병원,30~99병상,147,580
"서울","서대문구",상급종합,소계,603,1378
"서울","서대문구",종합병원,100~299병상,44,138
"서울","서대문구",병원,30~99병상,59,207
"서울","마포구",병원,100병상이상,55,87
"서울","양천구",상급종합,소계,116,602
"서울","양천구",종합병원,300~499병상,51,264
"서울","양천구",병원,100병상이상,84,539
"서울","양천구",병원,30~99병상,44,164
"서울","강서구",종합병원,100~299병상,122,364
"서울","강서구",병원,100병상이상,18,123
"서울","강서구",병원,30~99병상,197,729
"서울","구로구",상급종합,소계,78,852
"서울","구로구",종합병원,100~299병상,8,212
"서울","구로구",병원,100병상이상,-,28
"서울","구로구",병원,30~99병상,76,337
"서울","금천구",종합병원,100~299병상,38,143
"서울","금천구",병원,100병상이상,7,276
"서울","금천구",병원,30~99병상,44,105
"서울","영등포구",종합병원,500병상이상,40,414
"서울","영등포구",종합병원,300~499병상,109,586
"서울","영등포구",종합병원,100~299병상,112,666
"서울","영등포구",병원,100병상이상,104,427
"서울","영등포구",병원,30~99병상,105,394
"서울","동작구",상급종합,소계,120,608
"서울","동작구",종합병원,500병상이상,107,601
"서울","동작구",병원,100병상이상,22,129
"서울","동작구",병원,30~99병상,61,184
"서울","관악구",종합병원,100~299병상,85,355
"서울","관악구",병원,30~99병상,97,381
"서울","서초구",상급종합,소계,322,823
"서울","서초구",병원,100병상이상,45,358
"서울","서초구",병원,30~99병상,131,365
"서울","강남구",상급종합,소계,714,1748
"서울","강남구",종합병원,100~299병상,79,190
"서울","강남구",병원,100병상이상,204,578
"서울","강남구",병원,30~99병상,385,828
"서울","송파구",상급종합,소계,697,1740
"서울","송파구",종합병원,300~499병상,30,250
"서울","송파구",병원,100병상이상,67,477
"서울","송파구",병원,30~99병상,145,378
"서울","강동구",종합병원,500병상이상,250,1703
"서울","강동구",병원,100병상이상,72,212
"서울","강동구",병원,30~99병상,146,454
"부산","중구",종합병원,300~499병상,27,318
"부산","서구",상급종합,소계,618,2144
"부산","서구",종합병원,100~299병상,78,186
"부산","서구",병원,100병상이상,18,112
"부산","서구",병원,30~99병상,-,50
"부산","동구",종합병원,300~499병상,36,343
"부산","동구",종합병원,100~299병상,134,316
"부산","동구",병원,100병상이상,51,276
"부산","동구",병원,30~99병상,39,261
"부산","영도구",종합병원,100~299병상,71,460
"부산","부산진구",상급종합,소계,155,620
"부산","부산진구",종합병원,300~499병상,188,614
"부산","부산진구",종합병원,100~299병상,28,172
"부산","부산진구",병원,100병상이상,93,654
"부산","부산진구",병원,30~99병상,132,251
"부산","동래구",종합병원,300~499병상,103,335
"부산","동래구",종합병원,100~299병상,86,364
"부산","동래구",병원,100병상이상,105,434
"부산","동래구",병원,30~99병상,263,360
"부산","남구",종합병원,300~499병상,98,289
"부산","남구",병원,100병상이상,104,329
"부산","남구",병원,30~99병상,55,116
"부산","북구",종합병원,300~499병상,111,268
"부산","북구",병원,100병상이상,214,685
"부산","북구",병원,30~99병상,72,87
"부산","해운대구",종합병원,500병상이상,94,678
"부산","해운대구",종합병원,100~299병상,45,142
"부산","해운대구",병원,100병상이상,67,703
"부산","해운대구",병원,30~99병상,154,346
"부산","사하구",병원,100병상이상,227,990
"부산","사하구",병원,30~99병상,229,482
"부산","금정구",종합병원,300~499병상,104,252
"부산","금정구",병원,100병상이상,161,668
"부산","금정구",병원,30~99병상,87,156
"부산","강서구",병원,100병상이상,24,176
"부산","연제구",종합병원,500병상이상,65,421
"부산","연제구",병원,100병상이상,53,474
"부산","연제구",병원,30~99병상,113,275
"부산","수영구",종합병원,300~499병상,118,280
"부산","수영구",종합병원,100~299병상,56,227
"부산","수영구",병원,100병상이상,60,494
"부산","수영구",병원,30~99병상,130,273
"부산","사상구",종합병원,500병상이상,19,498
"부산","사상구",종합병원,300~499병상,118,280
"부산","사상구",병원,100병상이상,77,820
"부산","사상구",병원,30~99병상,49,172
"부산","기장군",종합병원,100~299병상,79,189
"부산","기장군",병원,100병상이상,34,176
"부산","기장군",병원,30~99병상,47,115
"대구","중구",상급종합,소계,320,1219
"대구","중구",종합병원,100~299병상,41,214
"대구","중구",병원,100병상이상,106,459
"대구","중구",병원,30~99병상,60,193
"대구","동구",종합병원,500병상이상,87,578
"대구","동구",병원,100병상이상,105,989
"대구","동구",병원,30~99병상,26,60
"대구","서구",종합병원,500병상이상,34,321
"대구","서구",병원,100병상이상,32,851
"대구","서구",병원,30~99병상,39,194
"대구","남구",상급종합,소계,335,1223
"대구","남구",병원,100병상이상,153,906
"대구","남구",병원,30~99병상,94,137
"대구","북구",종합병원,500병상이상,63,478
"대구","북구",종합병원,100~299병상,7,143
"대구","북구",병원,100병상이상,161,1622
"대구","북구",병원,30~99병상,135,334
"대구","수성구",종합병원,100~299병상,31,254
"대구","수성구",병원,100병상이상,68,400
"대구","수성구",병원,30~99병상,242,529
"대구","달서구",종합병원,300~499병상,24,457
"대구","달서구",종합병원,100~299병상,37,162
"대구","달서구",병원,100병상이상,408,2369
"대구","달서구",병원,30~99병상,269,562
"대구","달성군",병원,100병상이상,18,321
"대구","달성군",병원,30~99병상,54,178
"인천","중구",상급종합,소계,178,602
"인천","중구",종합병원,100~299병상,56,293
"인천","동구",종합병원,100~299병상,66,381
"인천","남구",종합병원,300~499병상,102,547
"인천","남구",병원,100병상이상,24,318
"인천","남구",병원,30~99병상,110,217
"인천","연수구",종합병원,300~499병상,33,315
"인천","연수구",종합병원,100~299병상,32,112
"인천","연수구",병원,100병상이상,18,117
"인천","연수구",병원,30~99병상,61,155
"인천","남동구",상급종합,소계,118,1100
"인천","남동구",병원,100병상이상,60,569
"인천","남동구",병원,30~99병상,53,345
"인천","부평구",상급종합,소계,94,624
"인천","부평구",종합병원,300~499병상,13,364
"인천","부평구",종합병원,100~299병상,32,238
"인천","부평구",병원,100병상이상,42,643
"인천","부평구",병원,30~99병상,135,263
"인천","계양구",종합병원,300~499병상,51,349
"인천","계양구",병원,100병상이상,8,129
"인천","계양구",병원,30~99병상,102,264
"인천","서구",종합병원,500병상이상,46,439
"인천","서구",종합병원,300~499병상,59,291
"인천","서구",종합병원,100~299병상,106,668
"인천","서구",병원,100병상이상,17,361
"인천","서구",병원,30~99병상,34,222
"인천","강화군",병원,100병상이상,7,135
"인천","강화군",병원,30~99병상,-,40
"인천","옹진군",병원,30~99병상,2,28
"광주","동구",상급종합,소계,434,1045
"광주","동구",종합병원,100~299병상,50,72
"광주","동구",병원,100병상이상,59,478
"광주","동구",병원,30~99병상,62,207
"광주","서구",종합병원,500병상이상,130,371
"광주","서구",종합병원,100~299병상,166,562
"광주","서구",병원,100병상이상,147,473
"광주","서구",병원,30~99병상,223,405
"광주","남구",종합병원,500병상이상,134,405
"광주","남구",종합병원,100~299병상,86,388
"광주","남구",병원,100병상이상,70,636
"광주","남구",병원,30~99병상,109,254
"광주","북구",종합병원,100~299병상,212,899
"광주","북구",병원,100병상이상,303,1479
"광주","북구",병원,30~99병상,187,420
"광주","광산구",종합병원,500병상이상,58,495
"광주","광산구",종합병원,300~499병상,103,276
"광주","광산구",종합병원,100~299병상,191,663
"광주","광산구",병원,100병상이상,109,804
"광주","광산구",병원,30~99병상,227,414
"대전","동구",종합병원,100~299병상,39,240
"대전","동구",병원,100병상이상,-,140
"대전","동구",병원,30~99병상,16,55
"대전","중구",상급종합,소계,232,962
"대전","중구",종합병원,500병상이상,173,449
"대전","중구",종합병원,300~499병상,76,358
"대전","중구",병원,100병상이상,-,18
"대전","중구",병원,30~99병상,44,241
"대전","서구",종합병원,500병상이상,218,1274
"대전","서구",종합병원,100~299병상,9,177
"대전","서구",병원,100병상이상,117,521
"대전","서구",병원,30~99병상,278,688
"대전","유성구",종합병원,100~299병상,14,215
"대전","유성구",병원,100병상이상,159,473
"대전","유성구",병원,30~99병상,10,49
"대전","대덕구",종합병원,300~499병상,57,325
"대전","대덕구",종합병원,100~299병상,21,230
"대전","대덕구",병원,100병상이상,75,338
"대전","대덕구",병원,30~99병상,5,47
"울산","중구",종합병원,500병상이상,51,501
"울산","중구",병원,100병상이상,98,341
"울산","중구",병원,30~99병상,105,272
"울산","남구",종합병원,100~299병상,104,694
"울산","남구",병원,100병상이상,160,504
"울산","남구",병원,30~99병상,226,549
"울산","동구",상급종합,소계,224,574
"울산","동구",병원,100병상이상,-,120
"울산","동구",병원,30~99병상,19,22
"울산","북구",종합병원,100~299병상,58,186
"울산","북구",병원,100병상이상,42,110
"울산","북구",병원,30~99병상,16,16
"울산","울주군",종합병원,100~299병상,47,169
"울산","울주군",병원,100병상이상,44,431
"울산","울주군",병원,30~99병상,20,20
"세종","세종시",병원,30~99병상,16,62
"경기","수원시장안구",종합병원,100~299병상,32,90
"경기","수원시장안구",병원,100병상이상,2,269
"경기","수원시장안구",병원,30~99병상,19,158
"경기","수원시권선구",병원,100병상이상,135,158
"경기","수원시권선구",병원,30~99병상,94,171
"경기","수원시팔달구",종합병원,500병상이상,173,510
"경기","수원시팔달구",종합병원,300~499병상,106,263
"경기","수원시팔달구",병원,100병상이상,86,434
"경기","수원시팔달구",병원,30~99병상,112,251
"경기","수원시영통구",상급종합,소계,222,697
"경기","수원시영통구",병원,100병상이상,38,228
"경기","수원시영통구",병원,30~99병상,98,175
"경기","성남시수정구",종합병원,100~299병상,17,150
"경기","성남시수정구",병원,100병상이상,68,114
"경기","성남시중원구",종합병원,100~299병상,17,161
"경기","성남시중원구",병원,30~99병상,23,93
"경기","성남시분당구",상급종합,소계,290,903
"경기","성남시분당구",종합병원,500병상이상,348,1588
"경기","성남시분당구",병원,100병상이상,42,454
"경기","성남시분당구",병원,30~99병상,109,300
"경기","의정부시",종합병원,500병상이상,45,579
"경기","의정부시",종합병원,100~299병상,49,293
"경기","의정부시",병원,100병상이상,160,1387
"경기","의정부시",병원,30~99병상,72,315
"경기","안양시만안구",종합병원,300~499병상,41,332
"경기","안양시만안구",종합병원,100~299병상,21,118
"경기","안양시만안구",병원,100병상이상,21,109
"경기","안양시만안구",병원,30~99병상,16,16
"경기","안양시동안구",상급종합,소계,38,696
"경기","안양시동안구",종합병원,100~299병상,22,219
"경기","안양시동안구",병원,100병상이상,13,302
"경기","안양시동안구",병원,30~99병상,84,432
"경기","부천시원미구",상급종합,소계,261,623
"경기","부천시원미구",종합병원,500병상이상,94,430
"경기","부천시원미구",종합병원,100~299병상,43,379
"경기","부천시원미구",병원,100병상이상,90,531
"경기","부천시원미구",병원,30~99병상,93,453
"경기","부천시소사구",종합병원,300~499병상,60,224
"경기","부천시소사구",병원,100병상이상,7,262
"경기","부천시소사구",병원,30~99병상,23,180
"경기","부천시오정구",병원,30~99병상,40,249
"경기","광명시",종합병원,300~499병상,111,288
"경기","광명시",병원,30~99병상,20,183
"경기","평택시",종합병원,300~499병상,83,234
"경기","평택시",종합병원,100~299병상,117,524
"경기","평택시",병원,100병상이상,135,656
"경기","평택시",병원,30~99병상,98,457
"경기","동두천시",병원,100병상이상,14,216
"경기","안산시상록구",종합병원,300~499병상,18,418
"경기","안산시상록구",병원,100병상이상,46,343
"경기","안산시상록구",병원,30~99병상,50,236
"경기","안산시단원구",상급종합,소계,109,515
"경기","안산시단원구",종합병원,300~499병상,97,340
"경기","안산시단원구",종합병원,100~299병상,36,239
"경기","안산시단원구",병원,100병상이상,111,421
"경기","안산시단원구",병원,30~99병상,127,456
"경기","고양시덕양구",종합병원,500병상이상,27,479
"경기","고양시덕양구",병원,100병상이상,57,650
"경기","고양시덕양구",병원,30~99병상,37,137
"경기","고양시일산동구",종합병원,500병상이상,337,1388
"경기","고양시일산동구",병원,100병상이상,90,554
"경기","고양시일산동구",병원,30~99병상,114,290
"경기","고양시일산서구",종합병원,500병상이상,38,494
"경기","고양시일산서구",병원,100병상이상,19,119
"경기","고양시일산서구",병원,30~99병상,33,105
"경기","구리시",종합병원,500병상이상,37,477
"경기","구리시",병원,100병상이상,97,565
"경기","구리시",병원,30~99병상,48,289
"경기","남양주시",종합병원,300~499병상,60,257
"경기","남양주시",종합병원,100~299병상,127,375
"경기","남양주시",병원,100병상이상,78,467
"경기","남양주시",병원,30~99병상,86,277
"경기","오산시",종합병원,300~499병상,56,286
"경기","오산시",병원,100병상이상,12,168
"경기","오산시",병원,30~99병상,44,86
"경기","시흥시",종합병원,100~299병상,61,543
"경기","시흥시",병원,100병상이상,11,115
"경기","시흥시",병원,30~99병상,5,149
"경기","군포시",종합병원,300~499병상,64,607
"경기","군포시",병원,100병상이상,13,303
"경기","군포시",병원,30~99병상,48,48
"경기","의왕시",병원,100병상이상,44,353
"경기","하남시",병원,30~99병상,65,159
"경기","용인시처인구",종합병원,100~299병상,52,302
"경기","용인시처인구",병원,100병상이상,20,205
"경기","용인시처인구",병원,30~99병상,22,227
"경기","용인시기흥구",종합병원,100~299병상,29,250
"경기","용인시기흥구",병원,100병상이상,-,422
"경기","용인시기흥구",병원,30~99병상,8,76
"경기","용인시수지구",병원,100병상이상,28,307
"경기","용인시수지구",병원,30~99병상,38,127
"경기","파주시",종합병원,100~299병상,21,165
"경기","파주시",병원,100병상이상,27,137
"경기","파주시",병원,30~99병상,116,372
"경기","이천시",종합병원,100~299병상,9,115
"경기","이천시",병원,100병상이상,29,80
"경기","이천시",병원,30~99병상,69,251
"경기","안성시",종합병원,100~299병상,11,126
"경기","안성시",병원,100병상이상,14,149
"경기","안성시",병원,30~99병상,19,116
"경기","김포시",종합병원,300~499병상,50,353
"경기","김포시",종합병원,100~299병상,31,224
"경기","김포시",병원,100병상이상,19,218
"경기","김포시",병원,30~99병상,56,82
"경기","화성시",종합병원,500병상이상,36,492
"경기","화성시",종합병원,100~299병상,45,126
"경기","화성시",병원,100병상이상,93,533
"경기","화성시",병원,30~99병상,68,294
"경기","광주시",병원,100병상이상,59,303
"경기","광주시",병원,30~99병상,1,82
"경기","양주시",병원,100병상이상,52,686
"경기","양주시",병원,30~99병상,8,50
"경기","포천시",종합병원,100~299병상,36,216
"경기","포천시",병원,100병상이상,-,354
"경기","포천시",병원,30~99병상,11,88
"경기","여주시",병원,100병상이상,46,140
"경기","여주시",병원,30~99병상,19,76
"경기","가평군",병원,100병상이상,28,465
"경기","가평군",병원,30~99병상,-,64
"경기","양평군",병원,100병상이상,40,277
"강원","춘천시",종합병원,500병상이상,56,464
"강원","춘천시",종합병원,300~499병상,31,320
"강원","춘천시",병원,100병상이상,94,1146
"강원","춘천시",병원,30~99병상,14,120
"강원","원주시",상급종합,소계,62,636
"강원","원주시",종합병원,100~299병상,31,185
"강원","원주시",병원,100병상이상,195,745
"강원","원주시",병원,30~99병상,109,576
"강원","강릉시",종합병원,500병상이상,228,696
"강원","강릉시",종합병원,100~299병상,44,261
"강원","강릉시",병원,100병상이상,38,180
"강원","강릉시",병원,30~99병상,13,106
"강원","동해시",종합병원,300~499병상,19,180
"강원","동해시",병원,100병상이상,17,441
"강원","태백시",종합병원,300~499병상,44,413
"강원","속초시",종합병원,100~299병상,78,271
"강원","속초시",병원,100병상이상,6,122
"강원","삼척시",종합병원,100~299병상,17,90
"강원","삼척시",병원,100병상이상,11,127
"강원","홍천군",종합병원,100~299병상,24,102
"강원","홍천군",병원,100병상이상,-,202
"강원","홍천군",병원,30~99병상,8,22
"강원","횡성군",병원,100병상이상,54,165
"강원","영월군",종합병원,100~299병상,5,194
"강원","영월군",병원,30~99병상,-,64
"강원","정선군",병원,100병상이상,24,279
"강원","철원군",병원,100병상이상,7,132
"강원","양구군",병원,30~99병상,30,133
"강원","인제군",병원,30~99병상,14,76
"충북","청주시상당구",종합병원,300~499병상,127,726
"충북","청주시상당구",병원,100병상이상,42,249
"충북","청주시서원구",상급종합,소계,98,451
"충북","청주시서원구",종합병원,500병상이상,36,338
"충북","청주시서원구",병원,100병상이상,-,36
"충북","청주시서원구",병원,30~99병상,91,165
"충북","청주시흥덕구",종합병원,300~499병상,42,294
"충북","청주시흥덕구",병원,100병상이상,79,435
"충북","청주시흥덕구",병원,30~99병상,146,261
"충북","청주시청원구",종합병원,300~499병상,93,318
"충북","청주시청원구",병원,30~99병상,80,139
"충북","충주시",종합병원,300~499병상,42,317
"충북","충주시",종합병원,100~299병상,53,227
"충북","충주시",병원,100병상이상,15,135
"충북","충주시",병원,30~99병상,-,78
"충북","제천시",종합병원,100~299병상,38,410
"충북","제천시",병원,100병상이상,12,238
"충북","보은군",병원,100병상이상,-,10
"충북","보은군",병원,30~99병상,6,79
"충북","옥천군",종합병원,100~299병상,42,131
"충북","영동군",병원,100병상이상,16,135
"충북","증평군",병원,100병상이상,25,79
"충북","증평군",병원,30~99병상,10,59
"충북","진천군",종합병원,100~299병상,23,196
"충북","괴산군",병원,100병상이상,12,147
"충북","괴산군",병원,30~99병상,4,46
"충북","음성군",병원,100병상이상,22,422
"충북","음성군",병원,30~99병상,3,74
"충북","단양군",병원,30~99병상,5,69
"충남","천안시동남구",상급종합,소계,334,1134
"충남","천안시동남구",종합병원,100~299병상,27,163
"충남","천안시동남구",병원,100병상이상,7,207
"충남","천안시동남구",병원,30~99병상,12,73
"충남","천안시서북구",종합병원,300~499병상,43,295
"충남","천안시서북구",병원,100병상이상,50,271
"충남","천안시서북구",병원,30~99병상,142,436
"충남","공주시",종합병원,100~299병상,19,204
"충남","공주시",병원,100병상이상,64,306
"충남","공주시",병원,30~99병상,3,83
"충남","보령시",종합병원,100~299병상,50,170
"충남","보령시",병원,100병상이상,44,312
"충남","아산시",종합병원,100~299병상,11,180
"충남","아산시",병원,100병상이상,47,414
"충남","아산시",병원,30~99병상,56,137
"충남","서산시",종합병원,100~299병상,57,426
"충남","논산시",종합병원,500병상이상,61,329
"충남","논산시",병원,100병상이상,1,76
"충남","논산시",병원,30~99병상,23,115
"충남","계룡시",병원,100병상이상,-,103
"충남","계룡시",병원,30~99병상,-,36
"충남","당진시",종합병원,100~299병상,48,227
"충남","당진시",병원,30~99병상,28,183
"충남","금산군",병원,30~99병상,-,78
"충남","부여군",병원,100병상이상,-,20
"충남","부여군",병원,30~99병상,31,103
"충남","서천군",병원,100병상이상,-,180
"충남","서천군",병원,30~99병상,14,75
"충남","청양군",병원,30~99병상,9,119
"충남","홍성군",종합병원,300~499병상,29,261
"충남","홍성군",병원,30~99병상,2,40
"충남","예산군",종합병원,100~299병상,16,152
"충남","예산군",병원,100병상이상,7,159
"전북","전주시완산구",종합병원,500병상이상,181,494
"전북","전주시완산구",종합병원,100~299병상,45,225
"전북","전주시완산구",병원,100병상이상,236,1639
"전북","전주시완산구",병원,30~99병상,228,773
"전북","전주시덕진구",상급종합,소계,167,781
"전북","전주시덕진구",종합병원,100~299병상,44,192
"전북","전주시덕진구",병원,100병상이상,58,461
"전북","전주시덕진구",병원,30~99병상,127,387
"전북","군산시",종합병원,300~499병상,44,330
"전북","군산시",종합병원,100~299병상,45,185
"전북","군산시",병원,100병상이상,89,596
"전북","군산시",병원,30~99병상,46,170
"전북","익산시",상급종합,소계,117,542
"전북","익산시",종합병원,100~299병상,71,217
"전북","익산시",병원,30~99병상,104,352
"전북","정읍시",종합병원,100~299병상,34,253
"전북","정읍시",병원,100병상이상,25,222
"전북","정읍시",병원,30~99병상,77,128
"전북","남원시",종합병원,100~299병상,33,234
"전북","남원시",병원,100병상이상,14,124
"전북","김제시",병원,100병상이상,26,483
"전북","김제시",병원,30~99병상,-,30
"전북","완주군",병원,100병상이상,5,185
"전북","진안군",병원,100병상이상,14,131
"전북","진안군",병원,30~99병상,10,75
"전북","임실군",병원,100병상이상,1,102
"전북","순창군",병원,30~99병상,-,43
"전북","고창군",종합병원,100~299병상,10,244
"전북","고창군",병원,30~99병상,9,54
"전북","부안군",종합병원,100~299병상,40,259
"전북","부안군",병원,100병상이상,100,276
"전북","부안군",병원,30~99병상,13,113
"전남","목포시",종합병원,500병상이상,41,454
"전남","목포시",종합병원,300~499병상,135,740
"전남","목포시",종합병원,100~299병상,29,230
"전남","목포시",병원,100병상이상,134,538
"전남","목포시",병원,30~99병상,151,364
"전남","여수시",종합병원,300~499병상,98,238
"전남","여수시",종합병원,100~299병상,74,475
"전남","여수시",병원,100병상이상,287,630
"전남","여수시",병원,30~99병상,76,124
"전남","순천시",종합병원,500병상이상,123,424
"전남","순천시",종합병원,100~299병상,99,785
"전남","순천시",병원,100병상이상,126,769
"전남","순천시",병원,30~99병상,308,634
"전남","나주시",종합병원,100~299병상,33,167
"전남","나주시",병원,100병상이상,54,877
"전남","나주시",병원,30~99병상,7,84
"전남","광양시",종합병원,100~299병상,35,128
"전남","광양시",병원,100병상이상,62,246
"전남","광양시",병원,30~99병상,40,70
"전남","담양군",병원,100병상이상,-,509
"전남","담양군",병원,30~99병상,14,30
"전남","곡성군",병원,100병상이상,5,109
"전남","구례군",병원,30~99병상,5,94
"전남","고흥군",종합병원,100~299병상,57,381
"전남","고흥군",병원,100병상이상,15,806
"전남","보성군",병원,100병상이상,40,233
"전남","화순군",상급종합,소계,185,454
"전남","화순군",병원,100병상이상,96,608
"전남","장흥군",종합병원,100~299병상,36,160
"전남","장흥군",병원,100병상이상,27,121
"전남","강진군",병원,100병상이상,13,285
"전남","강진군",병원,30~99병상,32,58
"전남","해남군",종합병원,300~499병상,38,296
"전남","해남군",병원,100병상이상,63,494
"전남","해남군",병원,30~99병상,7,88
"전남","영암군",병원,100병상이상,12,145
"전남","영암군",병원,30~99병상,24,27
"전남","무안군",종합병원,100~299병상,35,108
"전남","무안군",병원,30~99병상,32,113
"전남","함평군",병원,100병상이상,17,456
"전남","함평군",병원,30~99병상,13,29
"전남","영광군",종합병원,100~299병상,87,368
"전남","영광군",병원,100병상이상,-,90
"전남","장성군",병원,100병상이상,16,272
"전남","완도군",병원,100병상이상,20,100
"전남","진도군",병원,30~99병상,21,123
"전남","신안군",병원,30~99병상,26,77
"경북","포항시남구",종합병원,500병상이상,178,896
"경북","포항시남구",병원,100병상이상,-,120
"경북","포항시남구",병원,30~99병상,14,50
"경북","포항시북구",종합병원,300~499병상,77,247
"경북","포항시북구",종합병원,100~299병상,75,279
"경북","포항시북구",병원,100병상이상,30,184
"경북","포항시북구",병원,30~99병상,156,303
"경북","경주시",종합병원,300~499병상,47,250
"경북","경주시",병원,100병상이상,120,608
"경북","경주시",병원,30~99병상,102,188
"경북","김천시",종합병원,100~299병상,54,480
"경북","김천시",병원,100병상이상,-,126
"경북","안동시",종합병원,500병상이상,364,1041
"경북","안동시",종합병원,100~299병상,28,169
"경북","안동시",병원,100병상이상,-,159
"경북","안동시",병원,30~99병상,30,98
"경북","구미시",종합병원,300~499병상,156,545
"경북","구미시",종합병원,100~299병상,41,151
"경북","구미시",병원,100병상이상,48,378
"경북","구미시",병원,30~99병상,78,138
"경북","영주시",병원,100병상이상,58,277
"경북","영주시",병원,30~99병상,44,95
"경북","영천시",종합병원,100~299병상,11,177
"경북","영천시",병원,100병상이상,-,426
"경북","상주시",종합병원,100~299병상,70,324
"경북","상주시",병원,100병상이상,-,32
"경북","문경시",종합병원,500병상이상,18,371
"경북","문경시",병원,30~99병상,35,121
"경북","경산시",종합병원,500병상이상,22,259
"경북","경산시",병원,100병상이상,15,856
"경북","경산시",병원,30~99병상,20,134
"경북","군위군",병원,30~99병상,-,79
"경북","의성군",병원,100병상이상,-,222
"경북","의성군",병원,30~99병상,31,242
"경북","청송군",병원,100병상이상,15,40
"경북","영양군",병원,30~99병상,5,45
"경북","영덕군",병원,100병상이상,-,299
"경북","청도군",병원,100병상이상,16,501
"경북","고령군",병원,30~99병상,11,66
"경북","성주군",병원,100병상이상,-,44
"경북","성주군",병원,30~99병상,7,42
"경북","칠곡군",병원,100병상이상,41,243
"경북","예천군",병원,100병상이상,38,135
"경북","봉화군",병원,100병상이상,15,113
"경북","울진군",병원,30~99병상,6,105
"경남","창원시의창구",종합병원,300~499병상,52,365
"경남","창원시의창구",병원,100병상이상,104,361
"경남","창원시의창구",병원,30~99병상,86,303
"경남","창원시성산구",종합병원,300~499병상,84,290
"경남","창원시성산구",종합병원,100~299병상,11,280
"경남","창원시성산구",병원,100병상이상,46,268
"경남","창원시성산구",병원,30~99병상,154,382
"경남","창원시마산합포구",종합병원,300~499병상,110,280
"경남","창원시마산합포구",종합병원,100~299병상,40,447
"경남","창원시마산합포구",병원,100병상이상,97,1041
"경남","창원시마산합포구",병원,30~99병상,62,226
"경남","창원시마산회원구",종합병원,500병상이상,120,533
"경남","창원시마산회원구",종합병원,100~299병상,87,398
"경남","창원시마산회원구",병원,100병상이상,39,395
"경남","창원시마산회원구",병원,30~99병상,39,108
"경남","창원시진해구",종합병원,100~299병상,28,223
"경남","창원시진해구",병원,100병상이상,74,601
"경남","창원시진해구",병원,30~99병상,52,81
"경남","진주시",상급종합,소계,81,741
"경남","진주시",종합병원,100~299병상,140,371
"경남","진주시",병원,100병상이상,195,810
"경남","진주시",병원,30~99병상,59,125
"경남","통영시",병원,100병상이상,202,671
"경남","통영시",병원,30~99병상,58,70
"경남","사천시",병원,100병상이상,104,1062
"경남","사천시",병원,30~99병상,33,143
"경남","김해시",종합병원,300~499병상,120,355
"경남","김해시",종합병원,100~299병상,64,538
"경남","김해시",병원,100병상이상,185,1458
"경남","김해시",병원,30~99병상,220,514
"경남","밀양시",종합병원,100~299병상,4,232
"경남","밀양시",병원,100병상이상,69,246
"경남","밀양시",병원,30~99병상,81,271
"경남","거제시",종합병원,100~299병상,167,562
"경남","거제시",병원,100병상이상,85,496
"경남","거제시",병원,30~99병상,91,91
"경남","양산시",상급종합,소계,172,820
"경남","양산시",종합병원,100~299병상,97,462
"경남","양산시",병원,100병상이상,6,461
"경남","양산시",병원,30~99병상,36,40
"경남","의령군",병원,30~99병상,2,84
"경남","함안군",병원,100병상이상,19,147
"경남","함안군",병원,30~99병상,3,53
"경남","창녕군",병원,100병상이상,30,1049
"경남","고성군",병원,100병상이상,19,466
"경남","남해군",병원,100병상이상,38,95
"경남","하동군",병원,100병상이상,14,202
"경남","함양군",병원,30~99병상,17,60
"경남","거창군",병원,100병상이상,14,93
"경남","거창군",병원,30~99병상,42,133
"경남","합천군",병원,100병상이상,-,117
"경남","합천군",병원,30~99병상,17,175
"제주","제주시",종합병원,500병상이상,136,891
"제주","제주시",종합병원,100~299병상,206,614
"제주","제주시",병원,100병상이상,9,358
"제주","제주시",병원,30~99병상,11,37
"제주","서귀포시",종합병원,100~299병상,20,186
"제주","서귀포시",병원,30~99병상,50,155
